index Start,Index End,Has Tx Data,Has Tx ID,Empty,RelevantBlkID
N/A,N/A,N/A,N/A,N/A,22tKfHhRQDAAa4UbW3mJEsqhu9vuo8VQvY8iXqJVBW9kPRqjz5
N/A,N/A,N/A,N/A,N/A,ZQ1LcAWS5UzfeUZmu5yCDiHrTPhXFos1baGuCT27759oqcvin
N/A,N/A,N/A,N/A,N/A,ppHesQNVUfgWrsF2nsu3nHjP3EKKWYqjqoHeGw78Q2NYK66UR
N/A,N/A,N/A,N/A,N/A,v782ARVzbMuyz6X7NXPZv5tepu8ks7oxVBzj5f3stqpJATGdw
N/A,N/A,N/A,N/A,N/A,2P8B3MpYHKDGuuoUCUnq4Txdh7cHNacoJhgwjVj9sUVB8npAir
N/A,N/A,N/A,N/A,N/A,cW1BG6jdzJkd9nTX1SGSfSFhkEEjzBrXY5dQKndA8d8YiBs4q
N/A,N/A,N/A,N/A,N/A,CLaTwYBQBZngCRaqwfeHSjkQBchRHhrScdmBkGsxBi7DVTehx
N/A,N/A,N/A,N/A,N/A,qZFr3n6DskqBMtzTKLHorers3EivhKWH3aSaADLXv3ouEitEA
N/A,N/A,N/A,N/A,N/A,2dAXZCsGBf5xGFWvs9VnCwU34vMRwVP4P1wWrMXTC6nmVZLgHD
N/A,N/A,N/A,N/A,N/A,2FGTVLkAMkzHRNDhcwGTYGjXg6AgQxgVSWwSdbSDTtKosYH2mV
N/A,N/A,N/A,N/A,N/A,2q7iLL7Z4qSkGeNxmuZ4c2Q3ZLSBGTSCRht8LzPnoJYaTzNqzJ
N/A,N/A,N/A,N/A,N/A,NtTwPRVbe9xofgvx9UGL86vysPZP6hMN86A16nr4gUoezNufx
N/A,N/A,N/A,N/A,N/A,2Sb4RiTkc25uHwhqA7ny3cW2HvMg48zwz9qVfx6wpgXeFDbYiP
N/A,N/A,N/A,N/A,N/A,2fYdooPccqFgT5tGd695vN2g5CjxjDwsSK72WNtzeDnySo5Ydt
1200000.000000,1200050,14,10,26,N/A
N/A,N/A,N/A,N/A,N/A,MGhxSsF7we1AKjab6kaNLzedSfRkPrL9tHtYqFjv9xfeL25cT
N/A,N/A,N/A,N/A,N/A,25ou3ryDQZX44QPQGJc22SUYRWvmceL1zPKZJQ4mTzQ6zB1fAv
N/A,N/A,N/A,N/A,N/A,JhgZGjuy21WnsELSounTKjHEKa9EE1NKDbSUNLFDjXcLnocrU
1300000.000000,1300050,3,19,28,N/A
1400000.000000,1400050,0,25,25,N/A
